preh119,a.a.seq,N120-NAIL107
1,E,0
2,V,0
3,Q,0
4,L,0
5,V,0
6,E,0
7,S,0
8,G,0
9,G,0
10,G,0
11,L,0
12,V,0
13,K,0
14,P,0
15,G,0
16,G,0
17,S,0
18,L,0
19,R,0
20,L,0
21,S,0
22,C,0
23,A,0
24,A,0
25,S,0
26,G,0
27,F,-1.53
28,T,1.67
29,F,0
30,S,2
31,N,4.89999999999999
32,A,-2.5
33,W,-2
34,M,0
35,S,-6.3
36,W,0
37,V,0
38,R,0
39,Q,0
40,A,0
41,P,0
42,G,0
43,K,0
44,G,0
45,L,0
46,E,0
47,W,-11.9
48,V,0
49,G,0
50,R,-3.2
51,I,-0.399999999999999
52,K,-1.3
53,S,-19.6
54,K,0
55,T,0
56,D,-9.2
57,G,6.5
58,G,-4.4
59,T,-8.4
60,T,0.700000000000003
61,D,-12.8
62,Y,0
63,A,0
64,A,0
65,P,0
66,V,0
67,K,0
68,G,0
69,R,0
70,F,0
71,T,0
72,I,0
73,S,0
74,R,0
75,D,0
76,D,0
77,S,0
78,K,0
79,N,0
80,T,0
81,L,0
82,Y,0
83,L,0
84,Q,0
85,M,0
86,N,0
87,S,0
88,L,0
89,K,0
90,T,0
91,E,0
92,D,0
93,T,0
94,A,0
95,V,0
96,Y,0
97,Y,0
98,C,0
99,T,-0.5
100,T,-6
101,H,-6.5
102,I,-2.8
103,V,1.5
104,V,6
105,V,0.599999999999994
106,P,7.40000000000001
107,A,0
108,A,0
109,I,0
110,P,0
111,S,0
112,H,0
113,Y,0
114,Y,0
115,Y,-0.299999999999997
116,Y,14.1
117,Y,2.5
118,G,-1.8
119,M,-4.9
120,D,8.7
121,V,0
122,W,-4.8
123,G,0
124,Q,0
125,G,0
126,T,0
127,T,0
128,V,0
129,T,0
130,V,0
131,S,0
132,S,0
